<?xml version="1.0" encoding="UTF-8" standalone="no"?><Usuarios><Usuario><nombre>Rl}pu'Shu&#129;hz'X|lu</nombre><puesto>Wyvnyhthkvy</puesto><nombreUsuario>rl}pu5shu&#129;hzGov{thps5jvt</nombreUsuario><correo>rl}pu5shu&#129;hzGov{thps5jvt</correo><telefono>?&lt;@=7:8&gt;</telefono><contrasenia>uk@=&gt;HOCØ</contrasenia></Usuario><Usuario><nombre>Rl}pu'Zhujol&#129;'Vihukv</nombre><puesto>Lz{|kphu{l</puesto><nombreUsuario>rlzhujol&#129;vGnthps5jvt</nombreUsuario><correo>rlzhujol&#129;vGnthps5jvt</correo><telefono>&gt;?=&lt;;:98</telefono><contrasenia>zk:=9JU+G</contrasenia></Usuario></Usuarios>